[
  {
    "id": 1,
    "title": "1Yo go it works",
    "description": "Your mama works just fine also"
  },
  {
    "id": 2,
    "title": "2Yo go it 30 works",
    "description": "Your mama works5 just fine also"
  },
  {
    "id": 3,
    "title": "3Yo go it works",
    "description": "Your mama works just fine also"
  },
  {
    "id": 4,
    "title": "4Yo go it works",
    "description": "Your 55 mama works just fine also"
  },
  {
    "id": 5,
    "title": "5Yo go it works",
    "description": "Your 5 mama works just fine also"
  },
]
